Res_A, Res_B, Corr
GLU16, TRP184, 0.569115
HIS79, LYS88, -0.561676
LEU82, LYS88, -0.644170
TYR83, ASP87, -0.715187
TYR83, LYS88, -0.653305
TYR83, ASN89, -0.610668
TYR83, TYR126, -0.558772
TYR83, ASN127, -0.633736
TYR83, TRP128, -0.721381
TYR83, ASN131, -0.603983
TYR83, LEU132, -0.716905
TYR83, ASP133, -0.591041
PRO84, ASP87, -0.550072
PRO84, LYS88, -0.678093
PRO85, TRP128, -0.618492
TRP86, ASN127, -0.551221
TRP86, TRP128, -0.638473
LYS88, ASN127, -0.576703
LYS88, TRP128, -0.646557
LEU180, ASP268, -0.580247
LEU201, ASP268, -0.575020
PRO202, ASP268, -0.621702
PRO202, ARG269, -0.580724
PRO202, ASP270, -0.565563
ILE203, ASP268, -0.652595
ILE203, ARG269, -0.618288
ILE203, ASP270, -0.604749
VAL204, ASP268, -0.655857
VAL204, ARG269, -0.655147
VAL204, ASP270, -0.644916
GLU205, ARG269, -0.560073
GLU205, ASP270, -0.559025
ARG206, ARG269, -0.566108
ARG206, ASP270, -0.575247
CYS209, ASP270, -0.551783
LYS210, ASP268, -0.557802
LYS210, ARG269, -0.554114
MET221, GLY271, -0.579644
PHE222, ASP268, -0.565055
PHE222, GLY271, -0.570449
CYS223, ASP268, -0.695783
CYS223, ARG269, -0.629819
CYS223, ASP270, -0.596394
CYS223, GLY271, -0.550419
ALA224, ASP268, -0.695150
ALA224, ARG269, -0.646499
ALA224, ASP270, -0.610331
GLY225, ASP268, -0.682051
GLY225, ARG269, -0.636477
GLY225, ASP270, -0.611860
GLY264, THR277, -0.633141
GLY266, ASP268, -0.654144
ASP268, TYR273, -0.609565
ASP268, GLY274, -0.716869
ASP268, PHE275, -0.572195
ARG269, TYR273, -0.612089
ARG269, GLY274, -0.642029
ARG269, PHE275, -0.587203
ASP270, TYR273, -0.586715
ASP270, GLY274, -0.592666
ASP270, PHE275, -0.585061
GLY271, PHE275, -0.650986
GLY271, TYR276, -0.587959
GLY271, THR277, -0.619707
