Res_A, Res_B, Corr
LEU82, LYS88, -0.644170
TYR83, ASP87, -0.715187
TYR83, LYS88, -0.653305
TYR83, ASN89, -0.610668
TYR83, ASN127, -0.633736
TYR83, TRP128, -0.721381
TYR83, ASN131, -0.603983
TYR83, LEU132, -0.716905
PRO84, LYS88, -0.678093
PRO85, TRP128, -0.618492
TRP86, TRP128, -0.638473
LYS88, TRP128, -0.646557
PRO202, ASP268, -0.621702
ILE203, ASP268, -0.652595
ILE203, ARG269, -0.618288
ILE203, ASP270, -0.604749
VAL204, ASP268, -0.655857
VAL204, ARG269, -0.655147
VAL204, ASP270, -0.644916
CYS223, ASP268, -0.695783
CYS223, ARG269, -0.629819
ALA224, ASP268, -0.695150
ALA224, ARG269, -0.646499
ALA224, ASP270, -0.610331
GLY225, ASP268, -0.682051
GLY225, ARG269, -0.636477
GLY225, ASP270, -0.611860
GLY264, THR277, -0.633141
GLY266, ASP268, -0.654144
ASP268, TYR273, -0.609565
ASP268, GLY274, -0.716869
ARG269, TYR273, -0.612089
ARG269, GLY274, -0.642029
GLY271, PHE275, -0.650986
GLY271, THR277, -0.619707
