Res_A, Res_B, Corr
ASP22, ASP235, -0.631413
ASP22, ALA236, -0.600201
LYS23, ASP235, -0.550313
LYS23, ALA236, -0.610312
LYS23, CYS237, -0.584363
PHE55, TYR107, 0.564416
GLN60, TYR107, 0.582742
LEU82, LYS88, -0.612314
TYR83, ASP87, -0.674992
TYR83, LYS88, -0.623734
TYR83, ASN89, -0.562878
TYR83, TRP128, -0.642161
TYR83, ASN131, -0.589903
TYR83, LEU132, -0.685928
PRO84, LYS88, -0.645514
ARG98, TYR107, 0.559807
LYS101, ASP268, -0.619474
LEU180, ASP268, -0.781077
LEU180, ARG269, -0.648730
GLU182, ARG233, -0.588208
GLU182, ASP235, -0.606874
GLU182, ASP268, -0.575359
GLU182, ARG269, -0.606772
MET221, GLY271, -0.576386
ARG233, ASP268, 0.600931
ARG233, ARG269, 0.564005
ALA236, ASP268, 0.555732
ALA236, ASP270, 0.575146
CYS237, GLY271, 0.604347
GLU238, GLY271, 0.626109
GLY264, THR277, -0.585944
GLY266, ASP268, -0.611249
GLY266, ARG269, -0.625398
ASP270, TYR273, -0.556048
GLY271, PHE275, -0.573789
