Res_A, Res_B, Corr
ASP22, ARG233, -0.510260
ASP22, ASP235, -0.631413
ASP22, ALA236, -0.600201
LYS23, ASP235, -0.550313
LYS23, ALA236, -0.610312
LYS23, CYS237, -0.584363
THR24, ASP235, -0.515648
THR24, ALA236, -0.520665
PHE55, ARG106, 0.523302
PHE55, TYR107, 0.564416
ARG56, TYR107, 0.512085
GLN60, THR105, 0.520087
GLN60, ARG106, 0.507749
GLN60, TYR107, 0.582742
GLU61, THR105, 0.539401
GLU61, ARG106, 0.525820
GLU61, TYR107, 0.540704
HIS79, LYS88, -0.504869
LEU82, LYS88, -0.612314
TYR83, ASP87, -0.674992
TYR83, LYS88, -0.623734
TYR83, ASN89, -0.562878
TYR83, TYR126, -0.504669
TYR83, ASN127, -0.528756
TYR83, TRP128, -0.642161
TYR83, ASN131, -0.589903
TYR83, LEU132, -0.685928
PRO84, ASP87, -0.529687
PRO84, LYS88, -0.645514
PRO85, TRP128, -0.523154
TRP86, TRP128, -0.525401
LYS88, TRP128, -0.529353
VAL97, TYR107, 0.544374
ARG98, TYR107, 0.559807
LYS101, TYR107, 0.501704
LYS101, ASP268, -0.619474
HIS102, ASP268, -0.537226
LEU132, THR277, -0.507231
TRP177, LEU282, 0.548788
GLY178, LEU282, 0.542111
ASN179, ASP268, -0.526725
LEU180, CYS267, -0.502935
LEU180, ASP268, -0.781077
LEU180, ARG269, -0.648730
LYS181, ARG269, -0.521134
GLU182, ARG233, -0.588208
GLU182, ASP235, -0.606874
GLU182, ALA236, -0.517701
GLU182, ASP268, -0.575359
GLU182, ARG269, -0.606772
GLU182, ASP270, -0.519425
THR183, ASP235, -0.502791
LEU201, ARG233, -0.522700
PRO202, ARG233, -0.535476
ILE203, ARG233, -0.517556
VAL204, ARG233, -0.511183
VAL204, ASP270, -0.547598
ARG206, ASP270, -0.521799
PRO207, ASP270, -0.515160
CYS209, ASP270, -0.500350
LYS210, ASP270, -0.519726
MET221, GLY271, -0.576386
PHE222, GLY271, -0.530146
ALA224, ARG233, -0.512958
GLY225, ARG233, -0.534315
ARG233, ASP268, 0.600931
ARG233, ARG269, 0.564005
ASP235, ASP268, 0.501321
ALA236, ASP268, 0.555732
ALA236, ASP270, 0.575146
CYS237, ASP270, 0.528411
CYS237, GLY271, 0.604347
GLU238, GLY271, 0.626109
GLY239, LEU282, 0.534709
GLY264, THR277, -0.585944
GLY266, CYS267, -0.514274
GLY266, ASP268, -0.611249
GLY266, ARG269, -0.625398
GLY266, ASP270, -0.546546
ASP270, TYR273, -0.556048
ASP270, GLY274, -0.512867
GLY271, PHE275, -0.573789
