Res_A, Res_B, Corr
ASP22, ASP235, -0.631413
ASP22, ALA236, -0.600201
LYS23, ALA236, -0.610312
LEU82, LYS88, -0.612314
TYR83, ASP87, -0.674992
TYR83, LYS88, -0.623734
TYR83, TRP128, -0.642161
TYR83, LEU132, -0.685928
PRO84, LYS88, -0.645514
LYS101, ASP268, -0.619474
LEU180, ASP268, -0.781077
LEU180, ARG269, -0.648730
GLU182, ASP235, -0.606874
GLU182, ARG269, -0.606772
ARG233, ASP268, 0.600931
CYS237, GLY271, 0.604347
GLU238, GLY271, 0.626109
GLY266, ASP268, -0.611249
GLY266, ARG269, -0.625398
