Res_A, Res_B, Corr
PHE55, TYR107, 0.612497
GLN60, THR105, 0.650129
GLN60, TYR107, 0.657655
GLU61, THR105, 0.609794
