Res_A, Res_B, Corr
PHE55, THR105, 0.593464
PHE55, ARG106, 0.569386
PHE55, TYR107, 0.612497
ARG56, THR105, 0.585241
ARG56, TYR107, 0.577963
PRO59, THR105, 0.589207
PRO59, TYR107, 0.576737
GLN60, THR105, 0.650129
GLN60, ARG106, 0.595867
GLN60, TYR107, 0.657655
GLU61, THR105, 0.609794
GLU61, ARG106, 0.574976
GLU61, TYR107, 0.595647
LEU62, ARG106, 0.551717
LEU62, TYR107, 0.551028
VAL97, TYR107, 0.566167
ARG98, TYR107, 0.570261
LYS101, ARG106, 0.557037
GLU160, ALA163, 0.566393
