Res_A, Res_B, Corr
ASP8, CYS155, -0.502665
MET53, TYR107, 0.528996
LEU54, TYR107, 0.511307
PHE55, THR105, 0.593464
PHE55, ARG106, 0.569386
PHE55, TYR107, 0.612497
ARG56, THR105, 0.585241
ARG56, ARG106, 0.529800
ARG56, TYR107, 0.577963
LYS57, THR105, 0.502205
LYS57, TYR107, 0.521784
SER58, THR105, 0.530677
SER58, TYR107, 0.526800
SER58, TRP177, 0.511861
PRO59, THR105, 0.589207
PRO59, ARG106, 0.538339
PRO59, TYR107, 0.576737
GLN60, THR105, 0.650129
GLN60, ARG106, 0.595867
GLN60, TYR107, 0.657655
GLN60, GLU108, 0.533781
GLU61, THR105, 0.609794
GLU61, ARG106, 0.574976
GLU61, TYR107, 0.595647
LEU62, THR105, 0.541305
LEU62, ARG106, 0.551717
LEU62, TYR107, 0.551028
VAL97, TYR107, 0.566167
ARG98, ARG106, 0.504380
ARG98, TYR107, 0.570261
LYS101, ARG106, 0.557037
LYS101, TYR107, 0.538992
HIS102, ARG106, 0.538727
HIS102, TYR107, 0.542332
ARG104, TRP177, 0.518662
THR105, TRP177, 0.529970
THR105, GLU182, -0.520478
ARG106, TRP177, 0.519742
ARG106, LEU196, 0.534268
ARG106, GLN197, 0.522394
TYR107, TRP177, 0.513840
TYR107, LEU196, 0.516406
TYR107, GLN197, 0.514233
GLU160, ALA163, 0.566393
GLU160, LEU201, 0.500220
GLN192, ILE290, -0.530019
GLN192, ASP291, -0.503234
ARG233, ASP268, 0.539595
